<?xml version="1.0" encoding="UTF-8"?>
<project-private xmlns="http://www.netbeans.org/ns/project-private/1">
    <editor-bookmarks xmlns="http://www.netbeans.org/ns/editor-bookmarks/2" lastBookmarkId="0"/>
    <open-files xmlns="http://www.netbeans.org/ns/projectui-open-files/2">
        <group>
            <file>file:/C:/Users/hljda/OneDrive/Escritorio/Good%20Boy%20Proyect/Good%20Boy%20Proyect/The%20Good%20boy/src/the/good/boy/Formularios/Cliente.java</file>
            <file>file:/C:/Users/hljda/OneDrive/Escritorio/Good%20Boy%20Proyect/Good%20Boy%20Proyect/The%20Good%20boy/src/conexion/DBConnection.java</file>
            <file>file:/C:/Users/hljda/OneDrive/Escritorio/Good%20Boy%20Proyect/Good%20Boy%20Proyect/The%20Good%20boy/src/conexion/dbProps.properties</file>
        </group>
    </open-files>
</project-private>
